job_title,company,location,category,employment_status,job_details
ADMIN STAFF,PT Indah Subur Sejati,"Jakarta Barat, Jakarta Raya",Asisten Administratif (Administrasi & Dukungan Perkantoran),Full time,"PT. Indah Subur Sejati (ISS)
, adalah salah satu perusahaan bergerak di Bidang Fashion. Dan
BRAND
Kami sudah tersebar
diseluruh Indonesia.
Pada saat ini kami membutuhkan karyawan terbaik untuk mengisi posisi :
"" STAFF ADMINISTRASI â€
Deskripsi Pekerjaan :
Melakukan kegiatan administrasi secara umum di dalam team
Memastikan kebenaran dan kelengkapan atas setiap dokumen/barang yang dijalankan dan memastikan arsip dokumen/barang dilakukan dengan rapi dan benar
Bekerja sesuai dengan SOP yang berlaku
Melakukan koordinasi dan komunikasi dengan internal tim ataupun antar divisi
Membalas email dan membuat dokumen serta surat-menyurat
Kualifikasi :
Pendidikan Min D3 / S1
Mahir dan expert menggunakan Â Microsoft Excel
Komunikasi baik, kreatif, aktif dan cekatan
Domisili sekitar Jakarta (diutamakan Jakarta Barat dan Jakarta Utara).
Pengalaman minimal 2 tahun sesuai dengan bidang yang dilamar
Penempatan
Head Office Kapuk Kamal, Jakarta Barat
Dapat bergabung
SEGERA
Benefit :
BPJS Ketenagakerjaan
BPJS Kesehatan
Tunjangan Makan dan Transportasi
Jika Anda memenuhi kriteria,
Kirim
CV
Anda segera.
All CVs will be handled strictly confidential and only shortlisted candidates will be contacted"
Administration Staff,"PT Indomobil Sukses Internasional, Tbk","Jakarta Timur, Jakarta Raya",Asisten Administratif (Administrasi & Dukungan Perkantoran),Full time,"Roles & Responsibilities :
Store (archive) and manage company data and documents, both physical and softcopy data.
Perform data entry and processing.
Requirements:
Associate Degree (D3) in Office Administration with GPA min. 3.00
Experience min. 1 years in Database Administrator or Office Administration.
Computer literate.
Library science.
Fluent in English â€“ oral and written.
Target oriented, disciplined individuals who have strong integrity and able to cope with high standard work.
Must be self-starter and able to work independently or as part of a team."
ADMIN STAFF,PT Wellen Brothers,"Jakarta Selatan, Jakarta Raya",Asisten Administratif (Administrasi & Dukungan Perkantoran),Full time,"KUALIFIKASI:
Usia maksimal 28 tahun
Pendidikan SMU/Sederajat
Diutamakan yang memiliki pengalaman kerja minimal 1 tahun
Bersedia kerja SHIFT
Tidak sedang menjalani proses pendidikan (Kuliah)
Menguasai Microsoft Office & Internet
Bersedia ditempatkan di Pancoran, Jakarta Selatan
TUGAS & TANGGUNG JAWAB PEKERJAAN:
Menerima & proses ORDER
Membuat & mencetak INVOICE penjualan
Memastikan ORDER telah diproduksi dan sesuai deadline pengiriman
Membuat Surat Jalan untuk pengiriman hasil cetakan"
ADMINISTRATION,PT Sakal Sopo Komunika,"Jakarta Selatan, Jakarta Raya",Asisten Administratif (Administrasi & Dukungan Perkantoran),Full time,"General Administrator
We are hiring,
Responsibilities:
Monitoring absensi karyawan
Melakukan pengajuan refund deposit client studio
Monitoring masa kontrak karyawan
Melakukan Filling dokumen
Melakukan pendaftaran dan pengecekan rekanan
Stock opname
Membantu HRD rekruitmen
Meeting mingguan tiap divisi
Requirements:
Usia maksimum 28 tahun
Minimum pendidikan D3 jurusan sistem informasi akuntansi
Memahami Microsoft Office (Excel, Word, dan Power Point)
Mampu bekerja di bawah tekanan
Pengalaman minimal 1 tahun
Dapat berkomunikasi dengan baik
Berpakaian rapih
Kritis terhadap masalah dan pengambilan keputusan
Jam Kerja: 9.00 â€“ 17.00 senin - jumat"
Staff Admin Seafreight,PT Indonesia Jalur Sutera,"Jakarta Selatan, Jakarta Raya",Asisten Administratif (Administrasi & Dukungan Perkantoran),Full time,"Bergabung dengan Tim Administratif Kami di
PT Indonesia Jalur Sutera
Kami sedang mencari Admin Seafreight yang berdedikasi untuk bergabung dengan tim
kami di PT Indonesia Jalur Sutera yang berbasis di Jakarta Pusat. Dalam peran ini, Anda
akan memainkan peran penting dalam mendukung operasi harian perusahaan kami
yang bergerak di bidang logistik dan pengangkutan laut.Tugas dan Tanggung Jawab Admin Pengiriman via Container:
Koordinasi:
Berkomunikasi dengan vendor, agen pengiriman, pelabuhan, dan pihak terkait lainnya untuk memastikan kelancaran pengiriman.
Mengatur jadwal pengiriman dan memastikan semua pihak memahami detail pengiriman.
Berkoordinasi dengan tim gudang, pengemudi, dan pelanggan.
Dokumen:
Menyiapkan dan memproses dokumen pengiriman, seperti bill of lading, packing list, faktur, dan dokumen kepabeanan.
Memastikan semua dokumen lengkap dan akurat.
Mengarsipkan dokumen pengiriman.
Melacak pergerakan kontainer dari titik awal hingga tujuan akhir.
Memantau status pengiriman secara real-time.
Memberikan informasi terkini mengenai status pengiriman kepada pihak Pengirim Barang
Menerima dan menanggapi keluhan atau masalah terkait pengiriman.
Menyelesaikan masalah pengiriman dengan cepat dan efektif.
Administrasi:
Membuat laporan pengiriman.
Mengelola data pengiriman.
Memastikan ketersediaan stok dan persediaan terkait pengiriman.
Memantau dan mengontrol pengeluaran operasional terkait pengiriman.
Keterampilan yang Dibutuhkan:
Kemampuan komunikasi yang baik.
Keterampilan organisasi dan manajemen waktu.
Kemampuan teknologi dan penggunaan perangkat lunak terkait pengiriman.
Keterampilan pemecahan masalah.
Kemampuan multitasking.
Teliti dan akurat.
Paham dunia logistik.
Kemampuan bekerja dalam tim.
Inspeksi Kontainer:
Melakukan inspeksi kontainer sebelum dan sesudah pengiriman.
Mencatat kerusakan kontainer.
Memastikan kontainer layak pakai sesuai standar.
Memastikan semua pengiriman mematuhi regulasi dan prosedur yang berlaku.
Berhubungan dengan pihak berwenang terkait masalah pengiriman.
Penyediaan Informasi:
Memberikan informasi kepada pelanggan mengenai status pengiriman.
Menjawab pertanyaan pelanggan terkait pengiriman."
Admin Sales,PT Adi Geotama Konstruksindo,Jakarta Raya,Administrasi Klien & Penjualan (Administrasi & Dukungan Perkantoran),Full time,"Membantu General Manager untuk melakukan Pekerjaan Administrasi Sales & Marketing :
1.Â Â Â  Membuat laporan kegiatan harian sales
2.Â Â Â  Membuat penawaran sales ke customer
3.Â Â Â  Membuat rekapan kegiatan sales per minggu, bulan, quarter, dan tahunan
4.Â Â Â  Membuat rekapan penawaran sales ke customer
5.Â Â Â  Melakukan pencatatan penjualan sales
6.Â Â Â  Melalukan pendaftaran administrasi untuk rekanan penyedia
7.Â Â Â  Melakukan penarikan data informasi project yang akan di bagikan kepada sales
8.Â Â Â  Melakukan rekapan terhadap informasi project yang di sudah teruskan sales
9.Â Â Â  Melakukan pencatatan terhadap Incentive Penjualan Sales
10.Membantu koordinasi terkait dengan acara marketing, seminar, dan presentasi
11.Membantu membuat Brosur Material, Editing Data, Video untuk Promosi
12. Membantu pekerjaan divisi finance apabila di butuhkan"
Staff Export - Import,PT Fumakilla Indonesia,"Jakarta Selatan, Jakarta Raya","Impor/Ekspor & Pabean (Manufaktur, Transportasi & Logistik)",Full time,"Kesempatan
PT. Fumakilla Indonesia, perusahaan manufaktur terkemuka di Indonesia, sedang mencari kandidat yang berpengalaman dan berdedikasi untuk bergabung dengan tim kami sebagai
Staff Export - Import
. Dalam peran ini, Anda akan memainkan peran kunci dalam mengelola proses ekspor-impor barang dan memastikan kepatuhan terhadap regulasi yang berlaku.
Tanggung Jawab Utama
Membuat dan memproses dokumen PEB (Pemberitahuan Ekspor Barang) melalui sistem CEISA 4.0.
Menangani proses legalisasi dokumen ekspor yang diperlukan oleh tim R&D.
Menangani dokumen asuransi, dokumen kepabeanan, dan dokumen perizinan sesuai arahan atasan.
Menangani dokumen lain terkait ekspor - impor
Keterampilan dan Kualifikasi yang Dibutuhkan
Pendidikan Minimal D3 / S1
.
Pengalaman Min. 2 Tahun di bidang ekspor & impor.
Memahami dasar prosedur ekspor-impor dan proses perijinan export/import di Kementerian/ Lembaga pemerintahan.
Mengerti PIB/PEB.
Mengerti certificate of origin export/import.
Fasih berbahasa Inggris secara lisan dan tulisan.
Teliti, rapi, dan mampu bekerja dengan tenggat waktu yang ketat.
Mampu melakukan pengelolaan dokumen.
Memiliki manajemen waktu yang baik."
Admin,PT Nipsea Paint & Chemicals,"Jakarta Utara, Jakarta Raya",Asisten Administratif (Administrasi & Dukungan Perkantoran),Full time,"PT Nipsea Paint and Chemicals (Nippon Paint) membuka lowongan untuk
ADMIN COLLECTION DAN BILLING ADMIN
penempatan
ANCOL, JAKARTA UTARA.
Kualifikasi:
Pendidikan minimal S-1/Sederajat dari jurusan Akuntansi atau Administrasi
Menguasai
ERP System (SAP) dan Excel (Fungsi Lookup dan Pivot Table)
Memiliki pengalaman sebagai
admin collection/account receivable (Untuk posisi ADMIN COLLECTION)
Memiliki pengalaman sebagai
billing admin/sales admin (Untuk posisi BILLING ADMIN)
Bersedia ditempatkan di
Ancol, Jakarta Utara
Job Description (Admin Collection):
Menerima dan memeriksa DO & invoice
Menghubungi customer untuk schedule serah terima faktur dan memeriksa tagihan
Mengatur dan membuat form untuk kunjungan collector
Menerima faktur balik hasil kunjungan collector
Pengiriman faktur luar kota
Mengirim e-mail customer
Menghubungi customer untuk memeriksa kandidat
Job Description (Admin Billing):
Menerima DO dari FG Store dan memeriksa kelengkapan TTD dan stempel customer untuk barang yang sudah dikirim ke customer
Mengecek kelengkapan LPB (Laporan Penerimaan Barang)/GRD (Good Receipt Sheet) dari customer
Membagikan DO yang sudah dicek ke masing-masing billing admin yang menjadi penanggung jawab customer
Memproses penerimaan DO dan penawaran harga dari sales admin
Memeriksa antara PO, penawaran harga, dan SO sudah sesuai di sistem
Menerbitkan invoice atas DO yang sudah diperiksa dan sudah benar
Meng-upload faktur pajak yang sudah dikerjakan ke e-faktur
Setelah menerbitkan faktur semua data yaitu DO, PO, invoice, dan faktur disusun menjadi satu sesuai customer dan diserahkan ke billing admin untuk dibubuhi meterai dan dicatat di pencatatan"
Frontliner/Teller,PT PESONNA OPTIMA JASA,Jakarta Raya,Perbankan â€“ Ritel/Cabang (Perbankan & Layanan Finansial),Full time,"Kualifikasi:
Pendidikan minimal D3 semua jurusan, atau sedang menempuh Pendidikan di Tingkat akhir
Untuk Pelamar dengan Pendidikan Akhir Setara SLTA diperbolehkan
Usia minimal 20 tahun dan maksimal 24 tahun
Penampilan rapih
Indeks Prestasi Kumulatif (IPK) minimal 2,75 (skala 4)
Mampu berkomunikasi dengan baik dan bisa bekerja sama dalam tim/kelompok
Sehat jasmani dan rohani
Jujur, tekun, cekatan dan memiliki intergitas yang baik dan loyalitas yang tinggi terhadap Perusahaan;
Berdomisili di Jakarta Pusat, Jakarta Timur, Jakarta Utara, Jakarta Barat, Jakarta Selatan, Bekasi, Cikarang, Karawang, Cikampek, Tangerang dan sekitarnya"
ADMINISTRASI STAFF,PT Jinyoung,"Jakarta Selatan, Jakarta Raya",Asisten Administratif (Administrasi & Dukungan Perkantoran),Full time,"Deskripsi Pekerjaan :
Memeriksa dan melakukan verifikasi dokumen terkait transaksi penjualan dan keuangan.
Bertanggung jawab terhadap POÂ  customer, pety cash, purchasing, logistic dan surat menyurat.
Bertanggung Jawab terhadap dokumen sales dan keuangan.
Mampu melakukan semua tugas yang berkaitan dengan administrasi keuangan.
Mampu membuat laporan terkait tugas administrasi yang dikerjakan.
Mampu mengatur, mendata dan menyimpan dokumen administrasi keuangan.
Bertanggungjawab terhadap proses pelaksanaan administrasi penjualan dan keuangan
Persyaratan :
Pendidikan minimal D3 Atau S1.
Memiliki pengalaman minimal 1 tahun.
Disiplin, Kreatif, Jujur, dan bertanggungjawab
Menguasai komputer minimal Ms.Office
Mengerti program akuntansi seperti Accurate.
Mengerti mengenai sistem dan prosedur keuangan."
MGR/SPV/R&D TEKNIS/VIDEO EDITOR / KOL KOSMETIK SKIN CARE OEM,PT Shangyang Technology Indonesia,"Jakarta Utara, Jakarta Raya","Penyuntingan & Penerbitan (Periklanan, Seni & Media)",Full time,"LOWONGAN KERJA â€“ DIVISI RISET & PENGEMBANGAN (R&D) KOSMETIK
PT Shangyang Technology Indonesia
Perusahaan OEM/ODM berskala internasional untuk produk
kosmetik, skincare, oral care, dan healthcare
, membuka peluang karier bagi para profesional dan lulusan baru yang ingin berkembang di bidang
R&D kosmetik
:
ğŸ§ 
1. R&D MANAGER â€“ KOSMETIK OEM/ODM
ğŸ“ Penempatan: Jakarta Utara â€“ Pluit
ğŸ“… Status: Full Time | Pengalaman min. 5 tahun
Deskripsi Pekerjaan:
Memimpin dan mengelola seluruh aktivitas R&D, dari formulasi hingga scale-up produksi.
Mengawasi pengembangan formula kosmetik (skincare, oralcare, haircare) sesuai tren dan kebutuhan pasar.
Berkoordinasi dengan Marketing, Sales, dan Produksi dalam peluncuran produk baru.
Memastikan produk memenuhi regulasi BPOM, Halal, dan standar CPKB/ISO.
Mengelola tim formulator dan teknisi lab, serta menyusun timeline proyek pengembangan.
Kualifikasi:
Pendidikan min.
S1 Farmasi/Kimia/Bioteknologi
(Apoteker lebih diutamakan).
Pengalaman min.
5 tahun di bidang R&D kosmetik
(maklon lebih diutamakan).
Memahami bahan aktif, pengujian stabilitas, pengawet, dan uji efektivitas.
Mampu membuat timeline dan SOP pengembangan produk.
Bahasa Inggris aktif (Mandarin nilai tambah).
ğŸ§ª
2. R&D SUPERVISOR â€“ KOSMETIK OEM/ODM
ğŸ“ Penempatan: Jakarta Utara â€“ Pluit
ğŸ“… Status: Full Time | Pengalaman min. 3 tahun
Deskripsi Pekerjaan:
Mengembangkan dan memformulasikan produk kosmetik baru: krim, serum, toner, pasta gigi, dll.
Melakukan trial lab, pengujian stabilitas, dan dokumentasi formula.
Mengatur kegiatan teknisi laboratorium dan memastikan pelaksanaan sesuai target.
Mendampingi uji coba produksi awal dan validasi formula.
Menyusun dokumen teknis untuk pengurusan izin BPOM.
Kualifikasi:
Pendidikan min.
D3/S1 Farmasi, Kimia, atau sejenisnya
.
Pengalaman min.
3 tahun sebagai formulator kosmetik
.
Menguasai formulasi basic skincare, emulsifikasi, dan kompatibilitas bahan.
Terbiasa bekerja dengan batch kecil dan pengujian fisik produk.
Teliti dan mampu bekerja dalam deadline.
ğŸ§«
3. STAF R&D â€“ FORMULATOR KOSMETIK (SKINCARE/ORALCARE/HAIRCARE)
ğŸ“ Penempatan: Jakarta Utara â€“ Pluit
ğŸ“… Status: Full Time | Fresh Graduate Dipertimbangkan
Deskripsi Pekerjaan:
Membantu pengembangan formula kosmetik sesuai arahan atasan.
Melakukan uji lab sederhana, pengukuran pH, viskositas, dan karakteristik organoleptik.
Mencatat hasil percobaan, membuat sampel, dan mendokumentasikan proses formulasi.
Membantu proses reformulasi dan pengembangan varian produk baru.
Berkoordinasi dengan QC, Produksi, dan PPIC saat uji coba produksi.
Kualifikasi:
Pendidikan min.
SMK Analis Kimia / D3/S1 Farmasi, Kimia, Teknologi Pangan
.
Pengalaman tidak diutamakan (akan diberikan pelatihan internal).
Minat tinggi terhadap dunia kosmetik dan skincare.
Teliti, mau belajar, dan bisa bekerja dalam tim.
ğŸ“Œ
Keuntungan Bergabung di PT Shangyang Technology Indonesia:
ğŸŒ Perusahaan dengan standar internasional dan pasar ekspor
ğŸ§¬ Lingkungan kerja yang inovatif dan fokus pada kualitas
ğŸ“š Pelatihan dan pengembangan karier jangka panjang
ğŸ’¡ Ruang bereksperimen dan berkreasi dalam formulasi"
Admin Staff,PT Dinomarket,Jakarta Raya,Asisten Administratif (Administrasi & Dukungan Perkantoran),Full time,"Tugas dan Tanggung Jawab:
Menginput data
Follow up klien, partner, dan suplier
Hunting produk/brand untuk diajak kerja sama
Mengerjakan tugas administratif
Mengelola dokumen dan arsip terkait data pelanggan, transaksi, klien, dan partner
Memproses dan memantau pesanan masuk (order entry) hingga selesai
Menyusun laporan harian, mingguan, atau bulanan
Mengorganisir data klien, partner, dan suplier dalam sistem CRM atau perangkat lunak terkait
Berkomunikasi dengan tim operasional atau logistik untuk memastikan kelancaran pengiriman produk/jasa
Mendukung tim penjualan dalam memberikan informasi terkait stok, promosi, atau produk baru
Kualifikasi:
Pendidikan minimal D3/S1
Pengalaman minimal 1 tahun
Usia maksimal 28 tahun
Menguasai komputer, internet, dan Microsoft Office (Ms. Word, Ms. Excel)
Memiliki kemampuan multitasking dan manajemen waktu yang baik
Jujur, rajin, teliti, disiplin, bertanggung jawab, dan berdedikasi tinggi
Pekerja keras dan mampu bekerja di bawah tekanan
Mampu berkomunikasi dengan baik secara lisan maupun tulisan
Berpenampilan rapi, ramah, dan solutif
Memiliki semangat untuk mempelajari hal-hal baru dan cepat beradaptasi
Mampu bekerja secara tim maupun individu"
ADMINISTRASI STAFF,PT UNIQUE,"Jakarta Barat, Jakarta Raya",Asisten Administratif (Administrasi & Dukungan Perkantoran),Full time,"Membuat laporan rutin harian, mingguan maupun bulanan
Pencatatan dan tulisan bagus atau rapih
Mampu mengoperasikan Komputer (minimal Ms.Office, Ms. Excel, Email dan Internet)
Filling dokumen
Memiliki inisiatif, kemauan belajar dan berkembang
Penampilan Rapih, cekatan dan teliti
Persyaratan:
Usia maksimal 28 tahun
Minimal Pendidikan D3 atau S1 Sederajat, Jurusan Akuntansi/Administrasi/Sekretaris
Pengalaman Minimal 2 tahun sebagai Administrasi
Memiliki kemampuan bahasa Inggris (minimal passive)
Mencantumkan Gaji yang diharapkan
Bersedia ditempatkan di daerah Jakarta Barat dan sekitarnya"
Customer Service (Ramadhan & Idul Fitri Support),Howel and Co Indonesia,"Jakarta Barat, Jakarta Raya",Layanan Konsumen â€“ Call Center (Call Center & Layanan Konsumen),Kontrak/Temporer,"About the Role:
We are looking for a dedicated and proactive Customer Service professional to join our team, with a strong focus on supporting peak seasons like
Ramadhan and Idul Fitri
. As the main point of contact for customers across various platforms, you will handle inquiries, resolve complaints, and process orders to ensure a smooth and positive customer experience. You will work closely with internal teams to address order and shipping issues, playing a key role in maintaining customer satisfaction and loyalty. By delivering timely, accurate information about our products and services, you will represent the face of our company and contribute to its success.
Responsibilities:
Respond promptly to customer inquiries across various platforms (e.g., Shopee, Tokopedia, Instagram).
Handle and resolve customer complaints regarding product issues, returns, and exchanges.
Manage and track orders to ensure timely delivery and address any order discrepancies.
Collaborate with the logistics team to address shipping issues and provide updates to customers.
Maintain accurate records of customer interactions, transactions, comments, and complaints.
Prepare and submit regular reports on customer interactions, feedback, and issues.
Monitor and respond to customer reviews and feedback on multiple platforms.
Provide comprehensive information about products, services, and policies to customers.
Continuously improve service procedures, policies, and standards based on customer feedback.
Qualifications:
Male/Female, maximum age 27 years.
Bachelorâ€™s Degree in any field.
Fresh graduates are welcome to apply.
Willing to work in 24-hour shifting, including weekends and national holidays (fixed schedule, not flexible).
Good communication skills and ability to handle difficult situations with tact and professionalism.
Ability to type quickly and accurately; having basic computer skills.
Strong problem-solving skills and attention to detail.
Capable of working independently and as part of a team.
Basic proficiency in English; additional language skills are a plus.
High level of empathy and commitment to customer satisfaction."
Administration Staff,PT Seagull Cooling Tower,"Jakarta Utara, Jakarta Raya",Asisten Administratif (Administrasi & Dukungan Perkantoran),Full time,"Requirements :
Â·Â Â Â Â Â Â  Good English verbal and written
Â·Â Â Â Â Â Â  Education Background: Bachelor Degree (S1) in Administration, Management, or related fields.
Â·Â Â Â Â Â Â  Experience with ERP system, document handling, data entry, and office operations is preferred.
Â·Â Â Â Â Â Â  Skill: Has a good communication skills, computer use competency, interpersonal skill
Â·Â Â Â Â Â Â  Minimum 1â€“2 years of experience in administrative or office support roles
Â·Â Â Â Â Â Â  Basic knowledge of filing systems and office procedures.
Â·Â Â Â Â Â Â  Able to multitask.
Â·Â Â Â Â Â Â  Proficient in Microsoft Office applications (Word, Excel, PowerPoint).
Responsibilities :
Â·Â Â Â Â Â Â  Handling and managing ERP system
Â·Â Â Â Â Â Â  Document preparation
Â·Â Â Â Â Â Â  Correspondence and filling system
Â·Â Â Â Â Â Â  Handle incoming and outgoing mail, documents, and deliveries.
Â·Â Â Â Â Â Â  Coordinate with other departments (HR, Finance, Procurement, Sales, etc.) to support cross-functional administrative needs.
Â·Â Â Â Â Â Â  Support for daily operations"
AR & COLLECTION STAFF,PT Venindo Jaya Abadi,"Jakarta Utara, Jakarta Raya",Piutang Usaha/Pengendalian Kredit (Akuntansi),Full time,"Staff AR & Collection :
1.	Membuat tagihan/invoice lengkap dan tepat waktu
2.	Follow up tagihan/invoice terkirim dan jadwal pembayarannya
3.	Reminder tagihan/invoice yang telah jatuh tempo
4.	Update list tagihan/incoice sesuai daily follow up
5.	Update list penerimaan giro/cek dan rencana pencairan
6.	Rekon GL dan List PPN keluaran
7.	Koordinasi dengan team sales
8.	Lainnya yang diperlukan untuk AR & Collection"
SALES & LOGISTIC ADMIN STAFF,PT Indo Prima Perkasa,"Jakarta Barat, Jakarta Raya","Pergudangan, Penyimpanan & Distribusi (Manufaktur, Transportasi & Logistik)",Full time,"Deskripsi pekerjaan:
Memproses pesanan penjualan, mengatur pengiriman, dan memastikan barang terkirim tepat waktu
Mengkoordinasikan aktivitas logistik, termasuk penjadwalan pengiriman dan pemantauan persediaan barang
Menyiapkan dan memelihara dokumentasi terkait penjualan dan logistik
Mengidentifikasi peluang untuk meningkatkan efisiensi dan produktivitas dalam proses penjualan dan logistik
Berkolaborasi dengan tim penjualan dan tim logistik di pabrik untuk memastikan operasi yang lancar
Berkomunikasi secara rutin dengan vendor ekspedisi yang bekerja sama dengan perusahaan
Memberikan dukungan administratif lainnya sesuai kebutuhan
Kualifikasi:
Pendidikan minimal setara Diploma di bidang Accounting, Management, Administrasi Bisnis, Manajemen Logistik, atau bidang terkait
Pengalaman kerja minimal 1 tahun di bidang administrasi penjualan dan/atau logistik
WAJIB menguasai Microsoft office (MS Word dan MS Excel)
Memiliki pemahaman yang baik tentang proses penjualan dan logistik
Terampil dalam penggunaan sistem informasi dan aplikasi perkantoran
Kemampuan komunikasi yang baik, baik secara lisan maupun tertulis
Memiliki ketelitian tinggi, organisasi diri yang baik, dan kemampuan multitasking
Bersedia bekerja di bawah tekanan
Diutamakan domisili Jakarta Barat"
Staff Procurement,PT Pasifik Agro Sentosa,"Jakarta Selatan, Jakarta Raya","Pembelian, Pengadaan & Inventaris (Manufaktur, Transportasi & Logistik)",Full time,"Qualifications & experience
Minimal pendidikan S1 di bidang Manajemen Pembelian, Manajemen Logistik, Bisnis, atau Ekonomi.
Minimal 1-2 tahun pengalaman kerja di bidang procurement.
Pengalaman di industri yang relevan dengan posisi yang dilamar akan menjadi nilai tambah.
Pengalaman dalam menggunakan software procurement akan menjadi nilai tambah.
Kemampuan komunikasi dan negosiasi yang baik.
Kemampuan analitis dan pemecahan masalah yang kuat.
Kemampuan interpersonal dan teamwork yang baik.
Kemampuan dalam menggunakan Microsoft Office.
Kemampuan dalam berbahasa Inggris (lisan dan tulisan) akan menjadi nilai tambah.
Tasks & responsibilities
Memahami kebutuhan barang dan jasa perusahaan dari berbagai departemen.
Bekerja sama dengan tim lain untuk menganalisa kebutuhan dan spesifikasi.
Mengelola data terkait pengadaan, seperti PO, invoice, dan kontrak.
Membuat laporan dan analisis data pengadaan.
Membuat dan mengirimkan pesanan pembelian (PO) kepada vendor.
Melakukan negosiasi harga dan kontrak dengan vendor.
Mencari dan mengevaluasi vendor yang memenuhi kualifikasi."
Customer Service Agent,Cartrack Technologies Indonesia,"Jakarta Selatan, Jakarta Raya",Layanan Konsumen â€“ Call Center (Call Center & Layanan Konsumen),Full time,"We are a world-leading smart mobility SaaS company with over 2,000,000 subscribers across 23 countries and we are looking for a Customer Service AgentÂ to join our team. Our teams are collaborative, vibrant and fast-growing and all team members are empowered with the freedom to influence our business with ideas that drive innovation and efficiency.
Responsibilities:
Maintaining a positive, empathetic, and professional attitude toward customers always.
Explain the different applications on our platform to customers and enhance Cartracks position as the technology partner of choice.
Train customers on how to derive the most value from our Software-as-a-Service platform.
Ensure customer satisfaction and provide professional customer support.
Acknowledge and resolve customer complaints, whilst ensuring they are always in the loop.
Responding promptly to customer inquiries and communicating with customers through various channels.
Providing feedback on the efficiency of the customer service process.
Identify opportunities to sell additional services and or Cartrack software applications to clients.
Compile daily efficiency and productivity reports.
Proactively monitor customer accounts to identify signs of dissatisfaction.
Engage with customers to understand their concerns and offer solutions.
Identify and leverage opportunities to upsell additional Cartrack services and software applications that match the customer's needs
Requirements:
Bachelors degree in a related field (e.g., Business Administration, Communication, Information Technology).
Minimum of 3Â years of experience in customer service orÂ technical support with a focus on Retention, preferably within the b2b, InsuranceÂ OR technology industry
Strong communication skills, both verbal and written, with the ability to explain complex concepts in a simple and clear manner.
Basic conversational English skills to effectively communicate with diverse customers and team members.
Empathetic and customer-focused attitude with the ability to maintain professionalism in all customer interactions.
Possess as a solid problem-solving skills with the ability to handle customer complaints effectively and provide appropriate solutions.
Ability to train solid problem-solving skillsand guide customers to maximize the value of our platform.
Familiarity with SaaS platforms and basic understanding of software applications.
Ability to quickly learn and adapt to new technologies."
Administrasi Purchasing,PT Neocelindo Intibeton,Jakarta Raya,Asisten Administratif (Administrasi & Dukungan Perkantoran),Full time,"ğŸ“¢ We're Hiring: Admin Finance & Purchasing
ISI FORM : https://forms.gle/foRDViVnbQ7rhxaw6
ğŸ“ Penempatan: Kelapa Gading, Jakarta
â° Full-Time | Seninâ€“Sabtu
ğŸ•’ Masa Probation: 3 bulan
ğŸ¢ About Us â€” PT Neocelindo Intibeton
Dengan pengalaman lebih dari
20 tahun
di industri konstruksi bangunan besar dan interior,
PT Neocelindo Intibeton
terus tumbuh melalui
inovasi, kualitas, dan integritas
. Kami bergerak di proyek-proyek skala besar dengan fokus di Indonesia, menjunjung efisiensi dan ketepatan waktu.
ğŸ’¼ Posisi: Admin Finance
Responsibilities:
* Mengelola dan mencatat transaksi keuangan harian (cash flow, petty cash, pembayaran vendor, invoice)
* Menyiapkan laporan keuangan internal (mingguan dan bulanan)
* Melakukan rekonsiliasi bank dan pengecekan pengeluaran proyek
* Bekerja sama dengan tim purchasing dan operasional untuk pencatatan pembelian
* Menangani dokumen pajak dasar dan administrasi keuangan lainnya
Kualifikasi:
* teliti, disiplin, dan cepat belajar
* Fresh graduate dipersilakan melamar
* Mampu menggunakan Excel dan terbiasa dengan laporan keuangan dasar
* Punya semangat untuk berkembang dan tahan tekanan
Posisi: Purchasing Staff
Responsibilities:
* Mencari dan membandingkan harga/vendor bahan bangunan & interior
* Mengelola pembelian barang untuk proyek tepat waktu dan sesuai spesifikasi
* Koordinasi dengan vendor, supplier, dan tim proyek lapangan
* Mengarsipkan semua dokumen pembelian (PO, kwitansi, faktur) secara rapi dan terstruktur
* Melaporkan progres pembelian dan pergerakan barang setiap minggu
Kualifikasi:
* komunikatif, sigap, dan bisa negosiasi
* Fresh graduate welcome,
mau belajar, dan tidak manja
* Mampu bekerja cepat dan rapi di bawah tekanan
* Paham alur pembelian dan logistik proyek adalah nilai tambah
What We Offer
BPJS Kesehatan & Ketenagakerjaan
Kesempatan pengembangan skill & karier
melalui pembelajaran langsung dengan tim proyek berpengalaman
Lingkungan kerja aktif, dinamis, dan penuh tantangan
Gaji kompetitif (
Rp 3.5â€“6.5 juta
, disesuaikan dengan skill dan attitude)
Catatan Penting:
* Kami hanya menerima kandidat yang bersedia bekerja keras dan disiplin
* Masa probation 3 bulan, dan hanya kandidat dengan kinerja baik yang akan lanjut
Bersama kami, kamu nggak cuma kerja â€” kamu bertumbuh
."
Staff Talent Acquisition,PT Haier Sales Indonesia,"Jakarta Utara, Jakarta Raya",Perekrutan â€“ Internal (Sumber Daya Manusia & Perekrutan),Full time,"Job Descriptions:
Make personal requests for recruitment plans according to the available format and submit the approval from.
Posting job vacancies via job portal (Internal, Website, LinkedIn, Jobstreet, etc.).
Sourcing talent candidates based on curriculum vitae and predetermined job requirements.
Conduct interviews & psychological test with talents who have been selected and have the potential to meet job requirements.
Sent review and facilitate interviews between users and selected talent
Make offers to selected talents in accordance with the compensation and benefits packages approved by management
Collect complete documents regarding the identity of selected talents
Support on boarding program for new employee (new employee kit, administration, etc.).
Introducing new employee to all HSI members either via email or face to face.
Monitor and interviewing talent that has been recruited after three months of work.
Supporting training activities for employees and employer branding program.
Carrying out recruitment for non-staff employees and facilitating collaboration with outsourcing vendors for the needs of outsourcing employees.
Carrying out support for administration in the Talent Acquisition section.
Prepare and plan for employer branding content in social media.
Job Requirements:
Bachelor Degree in Psychology, Human Resource Management or related.
Minimum 1 years of experiences in same position.
Thriving at Microsoft Office (Power Point/Excel/Word) and ERP.
Able to speak
English
.
Good analytical thinking, creative, curiously minded.
Flexible and open to changes and able to manage multiple tasks in restricted timeframes.
Reporting matters & detail oriented.
Excellent communication skills, both verbal and written and Inter-personal Skills.
Placement: North Jakarta"
Staff Administrasi,PT Graha Talenta Mandiri,"Jakarta Selatan, Jakarta Raya",Asisten Administratif (Administrasi & Dukungan Perkantoran),Full time,"Deskripsi Pekerjaan:
Melakukan berbagai tugas administrasi seperti penginputan data, membuat laporan bulanan, membuat dan mengarsip dokumen
Membuat laporan penjualan
Mengurus perizinan
Mengoperasikan sistem dan melaporkan tagihan pembayaran BPJS Kesehatan dan BPJS Ketenagakerjaan
Membuat laporan Absensi Karyawan
Mencatat kegiatan meeting dan mengatur jadwal kegiatan
Melayani dan mencatat pembelian customer
Mengoperasikan online shop dan social media
Membuat laporan langsung kepada Manager/Direktur
Kualifikasi:
Pendidikan S1 semua jurusan
Memiliki pengalaman di bidang administrasi minimal 1 tahun dalam pekerjaan dibidang pengurusan dokumen dan personalia
Terbiasa menggunakan Ms Excel, Ms. Office, Ms. Power Point, dan Email
Komunikatif, tekun, teliti, rapi dan bertanggungjawab
Memiliki kemampuan terhadap hal detail dan kemampuan untuk menjaga dokumen tetap teratur
Memiliki kemampuan customer service dan penyelesaian masalah yang baik
Diutamakan domisili Jakarta"
Exclusive Beauty Advisor,PT Muda Berkarya Adv,"Jakarta Selatan, Jakarta Raya",Asisten Ritel (Ritel & Produk Konsumen),Full time,"EXCLUSIVE BEAUTY ADVISOR
Salary: Rp. 6.000.000 - 8.000.000 + Career Path
(Exclude transport fee/hari dan bonus bulanan)
Tanggung Jawab
Memberikan layanan pelanggan yang memuaskan dengan merespons pertanyaan, memberikan saran, dan menawarkan solusi yang sesuai dengan kebutuhan jenis kulit pelanggan.
Memiliki pemahaman mendalam tentang produkÂ kecantikan.
Mengikuti tren terbaru dalam industri kecantikan dan selalu memperbarui pengetahuan tentang produk-produk baru yang diluncurkan.
Mencapai
target penjualan
yang telah ditetapkan.
Kualifikasi
Pendidikan Min. D3/ S1 atau SMA/K ( punya pengalaman) atau setara dalam bidang terkait kecantikan atau manajemen penjualan.
Minimal 21 tahun - Maksimal Â 30 tahun
Jam kerja: hari Senin â€“ Jumat (08.00 â€“ 17.00)
Memiliki pengalaman kerja dalam penjualan dan yang ingin memiliki karier
(
carrier oriented
)
.
Memiliki kemampuan dalam negosiasi dan terbiasa dengan target penjualan.
Terbiasa/familiar bekerjasama dengan
instansi pemerintahan (
government
).
Kemampuan berkomunikasi dengan baik secara lisan maupun tulisan, berpenampilan rapi Â dan terbiasa bekerjasama dengan team.
Memiliki sikap ramah serta empati."
Administrasi PPIC ( Production Planning Inventory Control),PT Family Indo Pratama Industry,"Jakarta Barat, Jakarta Raya","Produksi, Perencanaan & Penjadwalan (Manufaktur, Transportasi & Logistik)",Full time,"Bekerja dalam tim PPIC ( Planning Production Inventory Control), membantu tim mempastikan agar, laporan produksi terinput lancar dan akurat.
Sehingga, perencaan produksi bisa lancar.
Bertanggung input data produksi
Bertanggung jawab atas deadline laporan produksi
Supporting data untuk atasan
Pengecekan hasil produksi"
Administration Staff,PT Timur Raya Lestari,"Jakarta Timur, Jakarta Raya",Asisten Administratif (Administrasi & Dukungan Perkantoran),Full time,"URAIAN PEKERJAAN
Membuat perhitungan harga jual produk dan mengupdatenya ke team admin sales.
Membuat laporan pencapaian penjualan setiap bulannya dan mengirimkannya ke top management.
Membuat laporan margin harian sesuai kurs yang berlaku setiap hari dan mengirimkannya ke Direktur Sales dan Direktur Utama.
Membuat brosur dan spesifikasi untuk setiap produk yang dipasarkan.
Membuat dan memproses ke percetakan untuk setiap brosur, katalog, banner & kartu nama sales yang dibutuhkan untuk promosi dan pameran.
Membuat dan merekap perhitungan harga khusus produk-produk yang tayang di e-catalog pemerintah.
Melakukan upload dan monitoring produk tayang di e-catalog.
Membuat perhitungan ongkos kirim dan asuransi untuk semua produk.
KUALIFIKASI
Lulusan S1 semua jurusan
Pengalaman minimal 1 tahun di bidang administrasi
Tekun, jujur dan memiliki semangat kerja yang tinggi
Menguasai  : Microsoft Excel, Graphic Design, Adobe Photoshop dan CorelDraw
Mengerti Oracle akan diutamakan
Mengerti bahasa Inggris"
Staf Sosial Media,Pengiklan Anonim,"Jakarta Utara, Jakarta Raya","Strategi Media, Perencanaan & Pembelian (Periklanan, Seni & Media)",Full time,"Mengembangkan content plan Social Media perusahaan yang sesuai dan konsisten dengan identitas brand.
Menciptakan konten Social Media berupa video baik di Instagram maupun platform lainnya
Menjadi talent dalam produksi konten video
Reseacrh referensi, membuat planning dan ikut serta dalam proses pembuatan konten.
Menyusun konsep konten sesuai dengan branding perusahaan
Memberikan rekomendasi dan saran untuk strategi konten, baik secara organik maupun untuk keperluan Marketing
Memantau tren dan analitik media sosial untuk mengoptimalkan efektivitas konten
Menghasilkan ide-ide konten yang fresh
Meningkatkan engagement dan followers di media sosial
Menjawab komentar dan pesan pengguna media sosial secara tepat waktu dan profesional
Mempersiapkan laporan perkembangan Social Media secara berkala
Kualifikasi:
Pendidikan minimal S1 semua Jurusan
Memiliki pengalaman sebagai Content Creator atau Social Media minimal 1 tahun
Menguasai tools design untuk support produksi konten (Canva CapCut)
Memiliki kemampuan Komunikasi dan desain visualyang baik
Menguasai tools analisa untuk meningkatkan performa Social Media
Percaya diri untuk tampil di depan kamera atau sebagai talent
Nilai plus jika memiliki keahlian sebagai Voice Over
Kreativitas, inisiatif, dan kemampuan beradaptasi yang baik"
Administration,PT Berkat Elektrik Sejati Tangguh,"Jakarta Utara, Jakarta Raya",Asisten Administratif (Administrasi & Dukungan Perkantoran),Full time,"Kualifikasi:
Pendidikan minimal SMA/sederajat
Pengalaman di bidang administrasi atau posisi serupa minimal 1 tahun (lebih diutamakan)
Menguasai Microsoft Office, khususnya Word dan Excel
Memiliki kemampuan komunikasi dan manajemen waktu yang baik
Jujur, disiplin, teliti, detail, dan mampu bekerja dalam tim
Memiliki pengetahuan tentang kendaraan berat seperti dump truck dan spare part kendaraan
Bersedia bergabung secepatnya
Deskripsi Pekerjaan:
Melakukan input data dan pengarsipan dokumen (filling)
Mendukung dan mengorganisir dokumen administrasi
Bertanggung jawab atas pekerjaan administratif yang diperlukan"
Admin,PT Kaya Rasa Nusantara,"Jakarta Utara, Jakarta Raya",Asisten Administratif (Administrasi & Dukungan Perkantoran),Full time,"Gambaran Umum Pekerjaan
PT Kaya Rasa Nusantara, perusahaan industri makanan terkemuka, mencari Admin yang berpengalaman untuk bergabung dengan tim kami di kantor pusat kami di Jakarta Utara. Sebagai Admin, Anda akan memainkan peran penting dalam memastikan kelancaran operasional kantor dan mendukung tim manajemen perusahaan kami.
Tanggung Jawab Utama
Mengatur jadwal rapat dan perjalanan manajemen senior
Mengarsipkan dan mengelola dokumen penting perusahaan
Memberikan dukungan administratif untuk tugas-tugas harian di berbagai departemen
Memproses pembayaran, tagihan, dan pengeluaran kantor
Menangani korespondensi dan komunikasi internal serta eksternal
Membantu dalam proyek-proyek khusus sesuai kebutuhan
Keterampilan, Kualifikasi, dan Pengalaman yang Dibutuhkan
Usia Maksimal 30 Tahun
Memiliki gelar diploma/sarjana dalam Administrasi Bisnis atau bidang terkait
Minimal 1 tahun pengalaman sebagai Admin atau dalam peran administratif yang serupa
Sangat terampil dalam menggunakan MS Office (Word, Excel, PowerPoint)
Kemampuan komunikasi yang baik, baik lisan maupun tertulis
Terorganisir, teliti, dan mampu menangani beberapa tugas secara bersamaan
Memiliki pemahaman tentang prosedur kantor dan praktik administrasi terbaik
Bersemangat untuk belajar dan berkembang dalam peran ini
Penempat Jakarta Utara PIK 1
Manfaat Utama Perusahaan
Gaji yang kompetitif dan tunjangan menarik
Kesempatan untuk mengembangkan karier dalam lingkungan kerja yang dinamis
Program pelatihan dan pengembangan karyawan untuk mendukung pertumbuhan profesional
Asuransi kesehatan, tunjangan pensiun, dan cuti yang komprehensif
Budaya perusahaan yang mendukung dan kolaboratif
Tentang Perusahaan
PT Kaya Rasa Nusantara adalah perusahaan industri makanan terkemuka di Indonesia yang berkomitmen untuk menyediakan makanan berkualitas tinggi bagi pelanggan kami. Dengan fokus pada inovasi, keberlanjutan, dan kepuasan pelanggan, kami terus tumbuh dan berkembang selama lebih dari 20 tahun. Bergabung dengan kami berarti menjadi bagian dari tim yang dinamis dan berorientasi pada pencapaian, dan berkesempatan untuk mengembangkan karier Anda di industri yang menarik.
Lamar sekarang dan bergabunglah dengan tim kami!"
Personal assistant,PT. Cahaya Kota Nusantara,Jakarta Raya,"Asisten Pribadi, Asisten Eksekutif & Sekretarial (Administrasi & Dukungan Perkantoran)",Kontrak/Temporer,"Loyal
Bisa jaga rahasia perusahaan
Tidak manja/ banyak complaint
Disiplin waktu
Punya kecerdasan emosional yang tinggi
Tutur bahasa komunikasi yang sopan
Bikin kontrak,
PA Owner untuk komunikasi ke berbagai kalangan dan usaha"
Assistant Office Manager,PT Chemoscience Indonesia,"Jakarta Barat, Jakarta Raya",Manajemen Perkantoran (Administrasi & Dukungan Perkantoran),Full time,"We are seeking an experienced and dynamic Assistant Office Manager to oversee the efficient operation of our office in Indonesia. You will play an important role in managing various aspects of office administration, operations and ensure a well-organized and productive work environment.
Responsibilities:
Maintain a well-organized and clean office environment
Oversee facility maintenance, repairs and security protocols
Ensure compliance with health & safety regulations and provide a safe working environment
Develop and implement office policies and procedures
Manage office budget, track expenditures and recommend cost saving initiatives
Handle correspondence and communications, both internal and external
Assist with HR related matters such as employee benefits administration, onboarding new employees and etc.
Assist with coordination of supply chain activities.
Support the Finance team in following up with clients on overdue invoices to ensure timely payment.
Requirements:
Bachelor's degree in business administration or related fields
Proven experience in office management and administration
Proven experience in managing a team
Proficiency in using Microsoft Office tools
Able to communicate well in English and Bahasa Indonesia
Excellent organizational and multitasking skills
Attention to detail and problem-solving skills
Come join us!"
Host Live Streaming,PT MISSSHINE TRENDS INDONESIA,"Jakarta Barat, Jakarta Raya","Program & Produksi (Periklanan, Seni & Media)",Full time,"Deskripsi pekerjaan
Requirements :
1. Paham akan aplikasi Tiktok dan menggunakan Tiktok
2. Minimal lulusan SMA/SMK
3. Usia 18-30 tahun
4. Berpengalaman dalam livestreaming lebih disukai minimal 2 tahun
5. Percaya diri & komunikatif di depan kamera
6. Mampu merias diri atau make up
7. Bersedia shift malam
8. Memiliki pengalaman modeling ada nilai plus
9. Bersedia di tempatkan di jakarta barat
Job Description :
1. Melakukan livestreaming di tiktok atau e-commerce
2. Menjelaskan dan mengenalkan produk yang akan dijual di Live Streaming
3. Menjawab pertanyaan konsumen secara online
4. Syuting Product dan menjadi talent konten
5. Mencapai target yang diberikan perusahaan
6. Menyiapkan, menyusun dan merapikan susunan produk sebelum live di marketplace
7. Mengecek promo dan spesial diskon sebelum live ã€‚
8. Mengoperasikan live (pin , baca dashboard & report) khusus Shopee & Tiktok
9. Bekerjasama dengan team dalam melakukan tugas dan tanggung jawab
10. Dapat bekerja dibawah tekanan
Benefits :
Gaji kompetitif + bonus + komisi
Pelatihan & pengembangan keterampilan
Kesempatan karir di industri digital yang berkembang pesat
Penempatan kerja :
Apartemen Daan Mogot City, Lt. GF Shophouse Unit DS/A/03, Jl. Daan Mogot Raya KM.16 Kalideres - Jakarta Barat 11850
waktu kerja :
Full-time shift work
07:00 - 13.00
12.00 - 19.00
15.00 - 22.00"
Customer Service and Operation Specialist (air freight and ocean freightï¼‰,Easy Speed International  Logistics Limited,"Jakarta Selatan, Jakarta Raya","Pengapalan/Pengurusan Transportasi (Manufaktur, Transportasi & Logistik)",Full time,"Key Responsibilities
Customer Support
Act as the primary point of contact for customers regarding airfreight and oceanfreight inquiries and shipments.
Address customer questions and issues promptly, ensuring high levels of satisfaction.
Shipment Coordination
Manage the logistics of airfreight shipments, including booking, tracking, and documentation.
Collaborate with carriers, customs brokers, and other stakeholders to ensure timely deliveries.
Problem Solving
Identify and resolve any issues that arise during the shipping process, proactively communicating with customers about any delays or changes.
Utilize critical thinking to find effective solutions for customer needs.
Documentation and Compliance
Prepare and review shipping documentations to ensure compliance with international regulations and company policies.
Maintain accurate records of all transactions and communications related to airfreight and oceanfreight shipments.
Collaboration
Work closely with sales teams to provide a seamless customer experience.
Assist in the development of operational improvements to enhance service delivery.
Performance Tracking
Monitor customer feedback and service metrics, contributing to the continuous improvement of processes and procedures."
